{
  "version": "2.1",
  "structure_model": {
    "type": "HMM",
    "A": [
      [
        0.7140734039803567,
        0.2859265960196434
      ],
      [
        0.19815606627471938,
        0.8018439337252805
      ]
    ],
    "pi": [
      0.3661971830985917,
      0.6338028169014086
    ],
    "n_params": 3
  },
  "emission_model": {
    "type": "GMM",
    "k": 1,
    "w": [
      [
        1.0
      ],
      [
        1.0
      ]
    ],
    "mu": [
      [
        -0.7862443433442431
      ],
      [
        -2.1775187615742855
      ]
    ],
    "sigma": [
      [
        1.5471076027743345
      ],
      [
        2.0632193561517282
      ]
    ],
    "phi": [
      0.05,
      0.05
    ],
    "nu": [
      0.0418652582764395,
      0.16495349975526175
    ],
    "n_params": 8
  },
  "training_type": "reference"
}