{
  "version": "2.1",
  "structure_model": {
    "type": "HMM",
    "A": [
      [
        0.714073403980357,
        0.28592659601964343
      ],
      [
        0.19815606627471938,
        0.8018439337252805
      ]
    ],
    "pi": [
      0.36619718309859167,
      0.6338028169014086
    ],
    "n_params": 3
  },
  "emission_model": {
    "type": "GMM",
    "k": 1,
    "w": [
      [
        1.0
      ],
      [
        1.0
      ]
    ],
    "mu": [
      [
        -0.7862443433442432
      ],
      [
        -2.1775187615742855
      ]
    ],
    "sigma": [
      [
        1.5471076027743347
      ],
      [
        2.0632193561517287
      ]
    ],
    "phi": [
      0.05,
      0.05
    ],
    "nu": [
      0.041865258276439506,
      0.1649534997552617
    ],
    "n_params": 8
  },
  "training_type": "reference"
}