{
  "version": "2.1",
  "structure_model": {
    "type": "HMM",
    "A": [
      [
        0.8350015319356338,
        0.16499846806436616
      ],
      [
        0.15296322992830608,
        0.8470367700716939
      ]
    ],
    "pi": [
      0.51278272163531,
      0.48721727836469014
    ],
    "n_params": 3
  },
  "emission_model": {
    "type": "GMM",
    "k": 2,
    "w": [
      [
        0.47629735093158854,
        0.5237026490684116
      ],
      [
        0.46783391409843,
        0.5321660859015699
      ]
    ],
    "mu": [
      [
        -0.6466680054468028,
        -0.4295568745908504
      ],
      [
        -3.367942686120549,
        -2.3669966696818934
      ]
    ],
    "sigma": [
      [
        0.7266733492589168,
        0.6682631708219828
      ],
      [
        1.565657918210209,
        0.47877120729671707
      ]
    ],
    "phi": [
      0.05,
      0.05
    ],
    "nu": [
      0.0023147932173733956,
      0.23337434215092434
    ],
    "n_params": 14
  },
  "training_type": "unsupervised"
}