{
  "version": "2.1",
  "structure_model": {
    "type": "HMM",
    "A": [
      [
        0.8558697231829706,
        0.14413027681702903
      ],
      [
        0.1382190703851063,
        0.8617809296148938
      ]
    ],
    "pi": [
      0.4997922489670946,
      0.5002077510329054
    ],
    "n_params": 3
  },
  "emission_model": {
    "type": "GMM",
    "k": 2,
    "w": [
      [
        0.4844054500399285,
        0.5155945499600716
      ],
      [
        0.43269779027814215,
        0.5673022097218579
      ]
    ],
    "mu": [
      [
        -0.6591151776210471,
        -0.4567753455028038
      ],
      [
        -2.667331064247945,
        -1.9071609125521074
      ]
    ],
    "sigma": [
      [
        0.722697997712661,
        0.7116492537068856
      ],
      [
        1.7326158862554497,
        0.4521797190264713
      ]
    ],
    "phi": [
      0.05,
      0.05
    ],
    "nu": [
      0.0011091561645311992,
      0.1385429307322185
    ],
    "n_params": 14
  },
  "training_type": "unsupervised"
}